id,first_name,last_name,email,gender,ip_address
1,Langston,Rathe,lrathe0@i2i.jp,Male,2.221.0.76
2,Antony,Veschambre,aveschambre1@china.com.cn,Male,5.99.248.206
3,Brad,Chellingworth,bchellingworth2@dailymotion.com,Male,46.74.149.76
4,Eleonora,Booley,ebooley3@independent.co.uk,Female,213.118.215.244
5,Debora,Cozens,dcozens4@comcast.net,Female,243.159.58.121
6,Fayina,Veltman,fveltman5@flickr.com,Female,33.65.223.79
7,Keefer,Emsden,kemsden6@imdb.com,Male,255.59.162.0
8,Gilbertine,Dumingos,gdumingos7@epa.gov,Female,66.93.134.36
9,Arny,Doveston,adoveston8@google.de,Male,38.93.74.219
10,Harold,Attersoll,hattersoll9@parallels.com,Male,24.2.176.195
11,Jewelle,Corley,jcorleya@php.net,Genderqueer,160.244.20.220
12,Gwynne,Bergin,gberginb@blogger.com,Female,212.60.98.12
13,Jeralee,Van der Veldt,jvanderveldtc@oracle.com,Female,234.31.11.255
14,Leigh,Carnier,lcarnierd@seesaa.net,Male,19.109.86.180
15,Jaye,Swaffield,jswaffielde@prweb.com,Male,36.36.157.80
16,Gianni,Demaid,gdemaidf@com.com,Male,243.98.217.120
17,Danielle,Fagge,dfaggeg@shareasale.com,Female,0.187.136.213
18,Andre,Remington,aremingtonh@geocities.jp,Male,218.62.46.116
19,Layla,Merrill,lmerrilli@elpais.com,Female,189.77.171.79
20,Yancy,Korbmaker,ykorbmakerj@bizjournals.com,Male,173.184.34.147
21,Vaughn,Josebury,vjoseburyk@youtu.be,Male,219.164.25.254
22,Thedrick,Kidde,tkiddel@earthlink.net,Male,111.17.139.226
23,Robinia,Divine,rdivinem@de.vu,Female,162.112.25.111
24,Eberto,Keslake,ekeslaken@thetimes.co.uk,Male,120.56.48.142
25,Christoffer,MacCostigan,cmaccostigano@samsung.com,Male,234.116.185.143
26,Obidiah,Egdell,oegdellp@wikispaces.com,Male,243.43.112.133
27,Robin,McKeachie,rmckeachieq@wikia.com,Male,30.194.250.106
28,Kristan,Poxton,kpoxtonr@cargocollective.com,Female,208.9.0.143
29,Kirk,O' Timony,kotimonys@artisteer.com,Male,70.62.36.187
30,Andrey,Dobbing,adobbingt@baidu.com,Male,136.20.196.11
31,Hermy,Merington,hmeringtonu@miitbeian.gov.cn,Male,99.241.61.209
32,Darbee,Phelan,dphelanv@home.pl,Agender,106.250.181.223
33,Dulcine,Roddell,droddellw@google.ru,Female,245.43.110.92
34,Vitoria,Hamshar,vhamsharx@pen.io,Female,208.51.191.39
35,Ronald,Bartaletti,rbartalettiy@theguardian.com,Male,240.96.203.240
36,Gradey,Jarratt,gjarrattz@elpais.com,Polygender,193.61.49.240
37,Franciska,Mains,fmains10@npr.org,Female,191.199.190.191
38,Thedrick,Banbrook,tbanbrook11@google.co.uk,Male,221.192.128.174
39,Mario,Swinburn,mswinburn12@sphinn.com,Male,71.251.112.193
40,Donella,Casale,dcasale13@eventbrite.com,Female,45.131.179.125
41,Prisca,Monelle,pmonelle14@fda.gov,Female,247.138.139.179
42,Jareb,Boshere,jboshere15@soundcloud.com,Male,127.71.163.20
43,Burnard,Ducham,bducham16@bbc.co.uk,Male,53.106.152.153
44,Derron,Howse,dhowse17@privacy.gov.au,Male,252.4.83.148
45,Tami,McCarrick,tmccarrick18@weather.com,Female,175.62.253.210
46,Cedric,Normanell,cnormanell19@jugem.jp,Male,83.146.182.202
47,Far,Longshaw,flongshaw1a@quantcast.com,Male,32.14.131.225
48,Matthias,Ibberson,mibberson1b@reddit.com,Male,95.112.208.189
49,Calypso,Please,cplease1c@howstuffworks.com,Female,189.76.162.130
50,Kamilah,Everil,keveril1d@homestead.com,Female,109.28.3.51
51,Alayne,Cake,acake1e@vk.com,Female,52.67.229.69
52,Marlene,Starie,mstarie1f@nih.gov,Female,6.83.10.207
53,Jorrie,Lodeke,jlodeke1g@google.co.uk,Female,189.180.54.159
54,Alessandro,Leavey,aleavey1h@angelfire.com,Male,82.152.170.50
55,Esme,Yorston,eyorston1i@gravatar.com,Male,161.162.157.44
56,Tommy,Feenan,tfeenan1j@sakura.ne.jp,Male,198.230.225.252
57,Glynn,Vreede,gvreede1k@java.com,Male,150.114.111.164
58,Tallie,Monckton,tmonckton1l@canalblog.com,Male,228.216.30.7
59,Ethyl,Pryke,epryke1m@xinhuanet.com,Female,130.136.9.93
60,Darwin,McKeaveney,dmckeaveney1n@istockphoto.com,Male,196.96.89.155
61,Darline,Fiddler,dfiddler1o@xinhuanet.com,Female,231.195.246.154
62,Vick,Rainsdon,vrainsdon1p@mapy.cz,Male,89.255.93.189
63,Clemente,Waumsley,cwaumsley1q@miitbeian.gov.cn,Male,197.242.35.70
64,Leela,Kellogg,lkellogg1r@arizona.edu,Bigender,91.212.245.7
65,Vittoria,Maskew,vmaskew1s@loc.gov,Female,57.111.175.57
66,Tabina,Taillard,ttaillard1t@wunderground.com,Female,122.123.165.52
67,Prentice,MacMakin,pmacmakin1u@hao123.com,Male,164.130.213.136
68,Rina,Jolly,rjolly1v@feedburner.com,Female,153.149.250.160
69,Hestia,Sone,hsone1w@friendfeed.com,Female,237.62.10.148
70,Ailyn,Feron,aferon1x@omniture.com,Female,100.145.55.178
71,Giana,Roarty,groarty1y@bbc.co.uk,Female,88.254.193.87
72,Melisenda,Timbs,mtimbs1z@geocities.jp,Female,60.167.155.82
73,Odella,Clifton,oclifton20@bigcartel.com,Female,85.186.60.97
74,Joellen,Pfaff,jpfaff21@ehow.com,Female,49.91.131.160
75,Kit,Carabet,kcarabet22@github.io,Female,29.211.221.105
76,Irene,Shufflebotham,ishufflebotham23@java.com,Bigender,34.243.154.44
77,Emmy,Osgodby,eosgodby24@un.org,Female,9.135.118.204
78,Alfie,De la Yglesia,adelayglesia25@intel.com,Male,88.67.49.118
79,Donnie,Coltan,dcoltan26@bigcartel.com,Female,2.94.199.202
80,Hirsch,Mabe,hmabe27@mediafire.com,Male,142.82.251.241
81,Salli,Wrefford,swrefford28@constantcontact.com,Female,190.190.62.81
82,Enrique,Wales,ewales29@joomla.org,Male,33.17.107.219
83,Lu,Side,lside2a@gov.uk,Female,142.174.4.32
84,Felicio,Sonnenschein,fsonnenschein2b@google.fr,Male,150.219.227.254
85,Dolores,Turford,dturford2c@netscape.com,Female,89.8.211.249
86,Duff,Winstone,dwinstone2d@comcast.net,Male,192.82.26.218
87,Renault,Duckwith,rduckwith2e@skyrock.com,Male,165.29.150.221
88,Mariette,Coomer,mcoomer2f@devhub.com,Female,35.83.200.29
89,Roxie,Lowde,rlowde2g@harvard.edu,Female,166.235.161.218
90,Gwenny,Jullian,gjullian2h@rediff.com,Bigender,232.237.105.246
91,Lelah,Ketcher,lketcher2i@sciencedaily.com,Female,142.179.93.152
92,Gradeigh,Tallant,gtallant2j@usa.gov,Male,166.159.253.132
93,Julita,Antonik,jantonik2k@cisco.com,Female,101.146.50.180
94,Bette,Tripney,btripney2l@desdev.cn,Female,2.122.89.181
95,Carly,Derington,cderington2m@issuu.com,Male,29.211.40.17
96,Park,Kibby,pkibby2n@mtv.com,Male,246.255.91.3
97,Saxon,Cattel,scattel2o@devhub.com,Male,103.39.63.156
98,Pace,McCart,pmccart2p@prweb.com,Male,232.90.236.172
99,Correy,Fedorchenko,cfedorchenko2q@netscape.com,Male,119.217.117.10
100,Stephen,Cullity,scullity2r@nih.gov,Male,5.38.181.235
101,Marian,Blench,mblench2s@edublogs.org,Female,196.162.68.13
102,Rene,Sennett,rsennett2t@simplemachines.org,Male,195.88.190.42
103,Kirsteni,Wimpenny,kwimpenny2u@abc.net.au,Female,49.247.92.191
104,Lynnette,Brade,lbrade2v@springer.com,Female,224.140.141.166
105,Harp,Meharg,hmeharg2w@w3.org,Bigender,43.181.155.118
106,Manfred,Larrie,mlarrie2x@paypal.com,Male,244.156.10.4
107,Lindi,Claughton,lclaughton2y@ucsd.edu,Female,144.170.164.95
108,Brandtr,Emmanueli,bemmanueli2z@bloglines.com,Male,142.242.165.18
109,Demetre,Pedwell,dpedwell30@theglobeandmail.com,Male,172.131.133.53
110,Christyna,Garrould,cgarrould31@ed.gov,Female,191.101.63.255
111,Byran,Bullion,bbullion32@ebay.com,Male,245.220.240.52
112,Ingmar,Schimoni,ischimoni33@home.pl,Male,243.159.146.7
113,Stepha,Pilpovic,spilpovic34@wordpress.org,Polygender,188.130.173.168
114,Neely,Cortes,ncortes35@vimeo.com,Female,188.12.11.74
115,Lorry,Sivills,lsivills36@ca.gov,Male,42.84.83.249
116,Padraic,Gissop,pgissop37@4shared.com,Male,133.22.106.41
117,Loria,Domaschke,ldomaschke38@yellowpages.com,Female,152.79.39.198
118,Omar,Mathivat,omathivat39@ocn.ne.jp,Male,123.197.82.75
119,Jessalin,Poskitt,jposkitt3a@nbcnews.com,Female,245.65.207.111
120,Pepe,Gatheral,pgatheral3b@cbslocal.com,Male,89.109.35.165
121,Maynord,Twentyman,mtwentyman3c@boston.com,Male,145.247.204.45
122,Chrystel,Ovington,covington3d@soup.io,Female,164.69.20.136
123,Ives,Le Gall,ilegall3e@blogs.com,Male,217.253.194.138
124,Celinda,Jaffa,cjaffa3f@timesonline.co.uk,Female,236.26.72.64
125,Ophelia,Insko,oinsko3g@usa.gov,Female,76.246.175.72
126,Harrie,Preene,hpreene3h@google.ca,Female,131.96.153.190
127,Roddy,Mowatt,rmowatt3i@who.int,Male,193.93.56.54
128,Karlen,Gaven,kgaven3j@ftc.gov,Female,149.163.185.158
129,Haley,McGaughie,hmcgaughie3k@forbes.com,Female,182.28.63.51
130,Wallas,Gallihawk,wgallihawk3l@t-online.de,Male,154.236.108.251
131,Dalis,Macoun,dmacoun3m@dedecms.com,Male,202.25.103.227
132,Boot,Gini,bgini3n@mashable.com,Male,255.215.228.98
133,Luci,Worsnup,lworsnup3o@bandcamp.com,Female,83.16.194.106
134,Liuka,Lochead,llochead3p@nydailynews.com,Bigender,53.170.72.188
135,Gilbertine,Elvish,gelvish3q@hud.gov,Female,170.232.63.239
136,Kerwinn,Lickess,klickess3r@uol.com.br,Non-binary,43.48.203.249
137,Devin,Doxsey,ddoxsey3s@census.gov,Polygender,98.205.28.178
138,Aguie,Griffin,agriffin3t@ihg.com,Male,181.240.75.77
139,Brande,Skein,bskein3u@eepurl.com,Female,52.45.21.115
140,Linzy,Crumly,lcrumly3v@latimes.com,Female,221.63.221.31
141,Tonnie,Callender,tcallender3w@blogspot.com,Male,0.226.51.99
142,Ara,Stirman,astirman3x@google.com.hk,Male,238.91.220.112
143,Gavin,Crookes,gcrookes3y@163.com,Male,103.16.95.30
144,Zacharie,Fair,zfair3z@rambler.ru,Agender,150.118.224.22
145,Edie,Crady,ecrady40@phpbb.com,Female,70.94.211.151
146,Waylan,Hucklesby,whucklesby41@wikia.com,Male,113.96.115.234
147,Carling,Corcoran,ccorcoran42@about.me,Genderqueer,229.201.56.132
148,Den,Romeril,dromeril43@devhub.com,Male,225.11.248.177
149,Chris,Fardoe,cfardoe44@sfgate.com,Male,147.193.174.122
150,Dorothee,Benoy,dbenoy45@spotify.com,Female,152.128.42.237
151,Regine,Amner,ramner46@ocn.ne.jp,Female,136.227.2.212
152,Valentijn,Serrels,vserrels47@baidu.com,Male,50.104.108.74
153,Benedetto,Keinrat,bkeinrat48@tumblr.com,Male,80.252.33.137
154,Maxy,Comley,mcomley49@devhub.com,Female,152.197.35.9
155,Thomasine,Evamy,tevamy4a@accuweather.com,Female,64.233.182.30
156,Marney,Scarre,mscarre4b@booking.com,Female,217.180.125.49
157,Saunders,Shillabear,sshillabear4c@parallels.com,Male,204.184.84.125
158,Alaric,Jacquet,ajacquet4d@printfriendly.com,Male,213.136.101.170
159,Titos,Ashton,tashton4e@wired.com,Male,243.34.27.199
160,Avrit,St. Quintin,astquintin4f@canalblog.com,Female,115.19.45.144
161,Marius,Maton,mmaton4g@nih.gov,Male,97.187.241.102
162,Lexis,Loughman,lloughman4h@ted.com,Female,98.187.106.166
163,Bjorn,Budding,bbudding4i@joomla.org,Male,142.71.188.88
164,Laural,Feaveryear,lfeaveryear4j@answers.com,Female,160.9.195.147
165,Granthem,Anersen,ganersen4k@sun.com,Male,13.75.37.217
166,Alejandro,Joseff,ajoseff4l@mashable.com,Male,169.158.191.21
167,Raul,Warricker,rwarricker4m@wordpress.com,Male,160.41.15.120
168,Egon,Atthowe,eatthowe4n@usgs.gov,Male,8.199.94.186
169,Trix,Barnhart,tbarnhart4o@delicious.com,Genderqueer,149.145.157.158
170,Colver,Lafay,clafay4p@jalbum.net,Male,0.152.61.82
171,Maegan,Itzhayek,mitzhayek4q@altervista.org,Female,164.101.219.82
172,Ellerey,Wasmer,ewasmer4r@mit.edu,Male,11.183.66.107
173,Rossy,Pragnell,rpragnell4s@addtoany.com,Male,20.153.190.155
174,Hale,Sustins,hsustins4t@quantcast.com,Male,5.213.125.222
175,Jayson,Lambricht,jlambricht4u@sourceforge.net,Male,117.249.144.119
176,Jemmy,Theze,jtheze4v@kickstarter.com,Female,23.127.148.56
177,Guendolen,Powers,gpowers4w@soundcloud.com,Female,142.179.125.142
178,Garrik,Riall,griall4x@cbslocal.com,Male,217.89.33.137
179,Ethe,Wartonby,ewartonby4y@ifeng.com,Male,151.158.109.154
180,Archer,Blazek,ablazek4z@exblog.jp,Genderfluid,108.247.251.182
181,Rinaldo,Martyns,rmartyns50@vk.com,Male,136.134.141.255
182,Phebe,Hedworth,phedworth51@privacy.gov.au,Female,198.176.134.138
183,Jaquelyn,Hughlin,jhughlin52@themeforest.net,Female,151.188.226.167
184,Raphael,Colliber,rcolliber53@youtube.com,Male,192.85.204.194
185,Tressa,McVeagh,tmcveagh54@dailymotion.com,Female,166.96.246.133
186,Felecia,Streak,fstreak55@1und1.de,Female,113.245.69.94
187,Rosamund,Vicker,rvicker56@about.me,Female,189.61.217.170
188,Cordie,Bradnocke,cbradnocke57@reuters.com,Male,212.197.68.206
189,Verne,Kettle,vkettle58@liveinternet.ru,Male,28.59.197.83
190,Pearl,Shirer,pshirer59@yellowpages.com,Polygender,105.210.251.137
191,Tuck,Freear,tfreear5a@timesonline.co.uk,Polygender,224.102.131.193
192,Rance,Trenouth,rtrenouth5b@ow.ly,Male,241.53.188.196
193,Jenelle,Reeves,jreeves5c@shareasale.com,Female,102.70.240.207
194,Ilka,Giacobbo,igiacobbo5d@java.com,Female,61.99.126.127
195,Zane,Solley,zsolley5e@harvard.edu,Male,68.164.41.84
196,Sanford,Connell,sconnell5f@state.gov,Male,162.116.237.246
197,Mae,Sausman,msausman5g@google.cn,Female,220.168.111.161
198,Joline,Pilsbury,jpilsbury5h@ihg.com,Female,55.234.61.84
199,Kacie,Gerbel,kgerbel5i@linkedin.com,Female,251.128.166.66
200,Bethanne,Chaplyn,bchaplyn5j@bbc.co.uk,Female,116.142.151.30
201,Vivien,Penburton,vpenburton5k@tinyurl.com,Female,3.135.216.20
202,Dallon,MacGlory,dmacglory5l@vimeo.com,Male,27.79.116.108
203,Kiele,Colliar,kcolliar5m@twitpic.com,Female,7.26.149.8
204,Leigh,Axelby,laxelby5n@reverbnation.com,Male,70.115.211.196
205,Lilyan,Sayse,lsayse5o@g.co,Female,116.110.37.29
206,Brook,Paulitschke,bpaulitschke5p@jiathis.com,Male,242.159.0.219
207,Betti,Kleinzweig,bkleinzweig5q@icio.us,Female,26.69.85.202
208,Hamnet,Otteridge,hotteridge5r@prweb.com,Genderfluid,220.23.91.155
209,Salmon,Jedrychowski,sjedrychowski5s@moonfruit.com,Male,173.57.68.48
210,Bert,Shafe,bshafe5t@usa.gov,Male,25.112.216.213
211,Ashton,Hadleigh,ahadleigh5u@accuweather.com,Male,77.152.82.239
212,Anestassia,Gouldsmith,agouldsmith5v@dell.com,Female,35.235.33.82
213,Maxine,Donneely,mdonneely5w@prnewswire.com,Female,146.125.44.94
214,Gare,Waddilow,gwaddilow5x@cmu.edu,Non-binary,4.216.36.65
215,Alene,Treweke,atreweke5y@engadget.com,Genderqueer,36.135.57.204
216,Hebert,Mix,hmix5z@earthlink.net,Male,174.179.164.100
217,Tulley,Ruddock,truddock60@bloomberg.com,Male,41.39.55.28
218,Tandie,Padbery,tpadbery61@cbc.ca,Genderfluid,216.98.197.197
219,Sidnee,Talton,stalton62@fc2.com,Male,247.82.128.99
220,Dewie,Cartner,dcartner63@usa.gov,Male,173.127.64.252
221,Dyan,Renahan,drenahan64@miitbeian.gov.cn,Female,140.199.28.75
222,Suellen,Dodridge,sdodridge65@sphinn.com,Female,211.136.135.68
223,Merrel,Sewell,msewell66@t-online.de,Male,154.192.243.248
224,Fifine,Radeliffe,fradeliffe67@domainmarket.com,Female,0.236.98.160
225,Sarine,McHardy,smchardy68@ehow.com,Female,82.96.163.173
226,Demeter,Blewmen,dblewmen69@illinois.edu,Female,102.33.217.232
227,Maryellen,Joderli,mjoderli6a@photobucket.com,Female,191.5.243.254
228,Cornela,Mathers,cmathers6b@ucoz.ru,Female,159.51.118.115
229,Carita,Sidwell,csidwell6c@bandcamp.com,Genderfluid,213.176.163.82
230,Berri,Sirette,bsirette6d@cornell.edu,Female,66.225.2.227
231,Ado,Dailly,adailly6e@samsung.com,Male,146.128.167.117
232,Sauveur,Towne,stowne6f@photobucket.com,Male,68.191.68.163
233,Debera,Mughal,dmughal6g@icio.us,Female,99.170.248.169
234,Dallas,Feldberg,dfeldberg6h@chronoengine.com,Non-binary,134.60.101.184
235,Veronika,Knightley,vknightley6i@redcross.org,Female,62.230.227.166
236,Misha,Findley,mfindley6j@ucsd.edu,Agender,134.154.97.17
237,Mylo,Jackett,mjackett6k@prlog.org,Male,173.159.119.248
238,Nanny,Redfern,nredfern6l@wordpress.org,Agender,176.168.170.150
239,Rycca,Tritton,rtritton6m@hud.gov,Female,117.52.164.216
240,Patrica,Wyer,pwyer6n@sohu.com,Female,164.188.149.110
241,Cristabel,Ricciardello,cricciardello6o@xinhuanet.com,Female,193.25.128.201
242,Candi,Gricewood,cgricewood6p@zimbio.com,Female,245.152.160.69
243,Ellen,Atto,eatto6q@ft.com,Female,36.157.160.70
244,Caprice,Shelly,cshelly6r@people.com.cn,Female,214.208.227.16
245,Chelsy,Capeling,ccapeling6s@usa.gov,Female,90.42.222.196
246,Holmes,Hadrill,hhadrill6t@xing.com,Male,137.153.46.70
247,Morie,Veltmann,mveltmann6u@weather.com,Male,173.249.158.111
248,Agnesse,Hugonneau,ahugonneau6v@pbs.org,Female,184.90.135.182
249,Gayle,Vatini,gvatini6w@facebook.com,Female,136.43.21.106
250,Ermentrude,Guillet,eguillet6x@bloglines.com,Female,215.151.20.43
251,Althea,Franz,afranz6y@livejournal.com,Female,113.85.251.223
252,Whitby,Jeanenet,wjeanenet6z@google.co.jp,Male,224.244.81.17
253,Rouvin,Ginglell,rginglell70@samsung.com,Male,253.252.30.30
254,Norrie,Antonik,nantonik71@nydailynews.com,Female,214.195.214.80
255,Yoshiko,West-Frimley,ywestfrimley72@reddit.com,Female,166.207.109.207
256,Russell,Sailor,rsailor73@so-net.ne.jp,Agender,210.64.163.142
257,Nick,Marrow,nmarrow74@example.com,Male,225.192.167.240
258,Yettie,Polly,ypolly75@blogger.com,Female,170.107.50.224
259,Hieronymus,McBay,hmcbay76@nytimes.com,Male,30.234.69.125
260,Myrna,Chamberlain,mchamberlain77@biglobe.ne.jp,Female,110.218.109.231
261,Xylia,Sucre,xsucre78@timesonline.co.uk,Non-binary,45.142.79.205
262,Hoebart,Gerner,hgerner79@storify.com,Male,151.189.210.109
263,Jarrod,Baptiste,jbaptiste7a@sun.com,Male,133.74.133.188
264,Sandye,Barhims,sbarhims7b@miibeian.gov.cn,Female,27.133.50.80
265,Roger,O'Regan,roregan7c@godaddy.com,Male,17.175.175.77
266,Cherry,Hollows,chollows7d@tinyurl.com,Bigender,87.51.92.167
267,Aurore,Ingle,aingle7e@github.com,Female,152.140.234.205
268,Jon,Rampage,jrampage7f@adobe.com,Male,144.14.180.179
269,Farlee,Matous,fmatous7g@wix.com,Polygender,141.47.94.64
270,Flss,Treker,ftreker7h@dailymail.co.uk,Female,232.71.209.152
271,Fredrika,Obington,fobington7i@edublogs.org,Female,75.229.173.105
272,Rozanna,McKean,rmckean7j@ucla.edu,Female,218.137.131.237
273,Burr,Tideswell,btideswell7k@purevolume.com,Male,254.38.129.137
274,June,Avramovic,javramovic7l@indiegogo.com,Female,246.52.223.174
275,Elnora,Lochrie,elochrie7m@i2i.jp,Bigender,217.112.119.39
276,Leigh,Kos,lkos7n@yale.edu,Female,233.188.100.31
277,Leticia,Bilston,lbilston7o@symantec.com,Female,225.237.100.223
278,Trula,Capaldi,tcapaldi7p@ameblo.jp,Female,225.57.144.171
279,Winnie,Eldrid,weldrid7q@squidoo.com,Female,120.80.112.116
280,Lief,Klasing,lklasing7r@nymag.com,Male,43.126.189.27
281,Dee dee,Molian,dmolian7s@nature.com,Female,147.134.250.76
282,Lonny,Annable,lannable7t@wikispaces.com,Male,189.186.161.202
283,Christy,Cobain,ccobain7u@taobao.com,Male,147.112.38.93
284,Berty,Casemore,bcasemore7v@army.mil,Female,238.111.208.39
285,Irwin,Goneau,igoneau7w@sakura.ne.jp,Male,132.117.18.128
286,Joya,Ivasyushkin,jivasyushkin7x@independent.co.uk,Female,126.32.208.160
287,Donetta,Belderfield,dbelderfield7y@google.com.au,Female,92.216.180.127
288,Gypsy,Ivashkin,givashkin7z@ifeng.com,Female,55.157.226.66
289,Ulla,Winstanley,uwinstanley80@google.com.br,Female,209.85.142.93
290,Cyrill,Conachy,cconachy81@dmoz.org,Male,139.62.199.81
291,Lenette,Sidgwick,lsidgwick82@bloomberg.com,Female,138.233.49.41
292,Caroljean,Vian,cvian83@nyu.edu,Female,240.8.125.132
293,Valeda,MacDowall,vmacdowall84@deliciousdays.com,Female,67.50.196.50
294,Addia,Struijs,astruijs85@themeforest.net,Female,12.59.61.165
295,Valaria,Simonard,vsimonard86@woothemes.com,Female,235.40.55.211
296,Doralyn,Duffin,dduffin87@addthis.com,Female,163.163.163.108
297,Lucky,Woodstock,lwoodstock88@washingtonpost.com,Female,174.76.32.169
298,Chloris,Amoss,camoss89@cbc.ca,Female,174.31.23.248
299,Alexandros,Van Arsdall,avanarsdall8a@telegraph.co.uk,Male,187.35.56.243
300,Inez,Tomkowicz,itomkowicz8b@networksolutions.com,Female,191.66.43.8
301,Eolande,Taillard,etaillard8c@t.co,Polygender,190.132.197.52
302,Gris,Rawles,grawles8d@typepad.com,Male,149.51.162.140
303,Maryann,Lambal,mlambal8e@google.ca,Female,80.109.131.104
304,Hali,Lucy,hlucy8f@delicious.com,Female,140.57.224.121
305,Mallory,Well,mwell8g@360.cn,Male,59.135.122.144
306,Garrett,Gould,ggould8h@wikispaces.com,Male,253.86.128.240
307,Trescha,Scallon,tscallon8i@merriam-webster.com,Female,254.33.134.6
308,Hasheem,Gitting,hgitting8j@hhs.gov,Male,123.123.194.227
309,Thurstan,Norcutt,tnorcutt8k@wikipedia.org,Male,30.246.8.194
310,Krishna,Hoyer,khoyer8l@networkadvertising.org,Male,84.22.112.196
311,Jock,Firpo,jfirpo8m@weather.com,Male,140.100.167.165
312,Justen,Freiburger,jfreiburger8n@usa.gov,Male,144.118.250.126
313,Nike,Edards,nedards8o@thetimes.co.uk,Female,250.51.166.190
314,Veronike,Wyrill,vwyrill8p@craigslist.org,Female,211.173.150.107
315,Titus,Buckham,tbuckham8q@hibu.com,Male,67.234.36.53
316,Cori,Braisted,cbraisted8r@army.mil,Male,202.99.135.192
317,Pearline,Lineen,plineen8s@over-blog.com,Female,155.242.217.208
318,Rogers,Hummerston,rhummerston8t@sbwire.com,Genderfluid,75.203.250.101
319,Guillermo,Boole,gboole8u@washington.edu,Male,168.162.236.214
320,Kip,Pitkaithly,kpitkaithly8v@cdbaby.com,Male,49.156.119.110
321,Ninnetta,Sapp,nsapp8w@seattletimes.com,Female,141.74.156.221
322,Ellette,Apedaile,eapedaile8x@ucsd.edu,Female,160.106.84.111
323,Andonis,Acum,aacum8y@comcast.net,Male,213.190.44.134
324,Marcile,Cottrill,mcottrill8z@altervista.org,Female,160.27.5.89
325,Bryant,Doak,bdoak90@google.it,Male,55.130.107.180
326,Georgina,Romke,gromke91@issuu.com,Female,110.163.113.122
327,Gunar,Daynter,gdaynter92@wikispaces.com,Male,123.56.164.115
328,Hannis,Geffen,hgeffen93@bbc.co.uk,Agender,178.216.187.136
329,Karissa,Hauxby,khauxby94@biblegateway.com,Female,202.28.146.101
330,Elissa,Jelf,ejelf95@springer.com,Genderfluid,117.170.239.75
331,Gena,Westrope,gwestrope96@phoca.cz,Female,74.114.172.156
332,Barbra,Hammett,bhammett97@arstechnica.com,Genderqueer,177.201.93.178
333,Thorvald,Weedall,tweedall98@clickbank.net,Male,249.26.212.27
334,Malissia,Bradnam,mbradnam99@house.gov,Genderfluid,52.107.232.194
335,Allie,Farmloe,afarmloe9a@themeforest.net,Female,185.119.243.168
336,Ashlan,Sisneros,asisneros9b@simplemachines.org,Female,0.229.68.114
337,Fawnia,Bowerman,fbowerman9c@unicef.org,Female,253.191.239.208
338,Chadwick,Ply,cply9d@prweb.com,Male,178.184.251.251
339,Hannie,Abbey,habbey9e@marketwatch.com,Female,219.210.100.88
340,Vale,Chelley,vchelley9f@list-manage.com,Male,208.31.193.199
341,Annabella,MacHostie,amachostie9g@jalbum.net,Female,37.216.213.13
342,Charo,Holdron,choldron9h@1688.com,Female,74.75.20.122
343,Effie,Sibun,esibun9i@msu.edu,Female,220.11.93.174
344,Brice,Abethell,babethell9j@elpais.com,Male,189.90.105.145
345,Kimberley,Caen,kcaen9k@jiathis.com,Female,101.146.173.135
346,Lynnea,Hugin,lhugin9l@usatoday.com,Female,83.124.152.140
347,Morgan,Sangar,msangar9m@apache.org,Male,108.121.75.32
348,Maurise,Benwell,mbenwell9n@eventbrite.com,Female,119.192.198.0
349,Violet,Noden,vnoden9o@technorati.com,Female,164.69.115.132
350,Rubie,McIan,rmcian9p@comcast.net,Female,113.108.244.107
351,Shae,Mazzey,smazzey9q@va.gov,Female,254.23.50.228
352,Ekaterina,Lorkings,elorkings9r@jiathis.com,Female,241.102.249.207
353,Deana,Sainz,dsainz9s@ehow.com,Female,173.65.112.230
354,Fairleigh,Risborough,frisborough9t@myspace.com,Male,53.11.10.51
355,Leonie,Bushby,lbushby9u@loc.gov,Female,180.168.69.108
356,Margaretta,Gauchier,mgauchier9v@nature.com,Female,118.46.138.143
357,Chaim,Schulke,cschulke9w@netscape.com,Male,111.89.95.239
358,Silas,Pfeffle,spfeffle9x@hatena.ne.jp,Male,187.232.66.117
359,Ramonda,Gash,rgash9y@mtv.com,Bigender,141.65.80.78
360,Newton,Matschek,nmatschek9z@naver.com,Male,126.4.187.205
361,Beverlee,Ellershaw,bellershawa0@who.int,Female,42.178.114.28
362,Evelyn,Berthod,eberthoda1@sohu.com,Female,35.118.109.91
363,Gardiner,Friedank,gfriedanka2@nps.gov,Agender,225.129.87.75
364,Karrie,Casemore,kcasemorea3@dagondesign.com,Female,54.249.124.72
365,Karlotte,Faire,kfairea4@furl.net,Female,59.226.181.100
366,Bennie,Ridd,bridda5@phpbb.com,Female,166.244.248.1
367,Lorilyn,Joffe,ljoffea6@csmonitor.com,Female,6.46.209.1
368,Anny,Benton,abentona7@1und1.de,Female,207.59.232.95
369,Ileana,Wansbury,iwansburya8@oakley.com,Female,84.42.146.73
370,Orelee,Knapper,oknappera9@technorati.com,Female,39.120.178.209
371,Marielle,Mancell,mmancellaa@yandex.ru,Female,163.244.153.235
372,Gustave,Peggrem,gpeggremab@diigo.com,Male,31.197.229.154
373,Ethelred,McEnery,emceneryac@cdbaby.com,Male,168.166.245.81
374,Davida,Burghall,dburghallad@storify.com,Female,24.148.251.63
375,Dene,Gravenor,dgravenorae@answers.com,Male,183.229.76.124
376,Francyne,Mandal,fmandalaf@yolasite.com,Female,65.163.72.194
377,Philippine,Culley,pculleyag@slashdot.org,Bigender,171.61.184.165
378,Meryl,O'Feeny,mofeenyah@bizjournals.com,Female,30.71.15.228
379,Osborn,Gallyon,ogallyonai@gnu.org,Male,104.17.238.112
380,Filia,Boxe,fboxeaj@chicagotribune.com,Female,152.108.17.236
381,Dareen,Norssister,dnorssisterak@ed.gov,Female,102.176.175.224
382,Agnola,Govett,agovettal@sphinn.com,Female,30.49.86.144
383,Aimil,Ravenhills,aravenhillsam@java.com,Female,53.177.162.52
384,Patrizio,Philo,pphiloan@ning.com,Male,196.107.141.202
385,Alphonse,Kettow,akettowao@drupal.org,Male,205.199.201.40
386,Christian,Hutchings,chutchingsap@etsy.com,Male,106.21.46.102
387,Townie,Fransman,tfransmanaq@blogtalkradio.com,Male,72.194.19.238
388,Donall,Emberton,dembertonar@opera.com,Male,196.4.46.201
389,Inglis,Diego,idiegoas@google.com,Male,201.75.71.10
390,Everett,Dederich,edederichat@ebay.com,Male,24.165.154.79
391,Orin,Crowcher,ocrowcherau@sourceforge.net,Male,99.147.16.102
392,Coletta,Abadam,cabadamav@marriott.com,Female,93.162.89.36
393,Donella,Gapp,dgappaw@state.tx.us,Female,58.225.48.136
394,Nikolaos,Itzhaki,nitzhakiax@geocities.jp,Male,195.152.91.143
395,Ileana,Anthoney,ianthoneyay@about.com,Female,83.114.245.90
396,Lissa,Baldi,lbaldiaz@intel.com,Female,27.196.107.89
397,Tynan,Butt Gow,tbuttgowb0@hostgator.com,Genderfluid,129.113.189.209
398,Ephrem,O' Neligan,eoneliganb1@wp.com,Male,178.234.224.201
399,Gery,Strangman,gstrangmanb2@icq.com,Male,226.232.80.32
400,Ignazio,Work,iworkb3@msu.edu,Male,11.147.147.196
401,Flemming,Rollitt,frollittb4@census.gov,Male,218.193.19.195
402,Mignonne,Trevena,mtrevenab5@cdbaby.com,Female,44.192.28.181
403,Marylinda,Tatchell,mtatchellb6@tiny.cc,Female,149.191.59.44
404,Dino,Rackham,drackhamb7@themeforest.net,Male,105.59.196.225
405,Garner,Sidaway,gsidawayb8@t-online.de,Male,165.239.45.46
406,Maible,Pimlett,mpimlettb9@bloglines.com,Female,244.123.48.237
407,Missie,Cappell,mcappellba@devhub.com,Non-binary,114.206.134.175
408,Jeanelle,Andrioni,jandrionibb@soup.io,Female,23.99.93.177
409,Jasen,Arkcoll,jarkcollbc@craigslist.org,Male,177.249.189.246
410,Johann,Stedmond,jstedmondbd@sbwire.com,Male,48.254.152.251
411,Aloysius,Andreacci,aandreaccibe@spiegel.de,Male,254.102.223.23
412,Nanine,Figin,nfiginbf@angelfire.com,Bigender,173.255.192.240
413,Tedra,Kirstein,tkirsteinbg@miibeian.gov.cn,Female,15.106.133.41
414,Scotti,Beakes,sbeakesbh@ucsd.edu,Male,23.102.193.234
415,Mariel,Longworth,mlongworthbi@ucoz.ru,Female,27.244.214.178
416,Mic,Hannant,mhannantbj@cdbaby.com,Male,89.169.225.124
417,Odella,Moret,omoretbk@state.gov,Female,57.210.45.154
418,Niccolo,Toffano,ntoffanobl@nba.com,Genderqueer,134.165.21.204
419,Seline,Lawful,slawfulbm@chicagotribune.com,Female,245.65.64.78
420,Bev,Piggen,bpiggenbn@fastcompany.com,Male,69.208.100.104
421,Adelbert,Scowen,ascowenbo@vimeo.com,Male,227.206.47.214
422,Jennie,Pipping,jpippingbp@redcross.org,Female,248.15.121.209
423,Maddi,Parfitt,mparfittbq@wufoo.com,Female,44.134.226.24
424,Seka,Colbridge,scolbridgebr@telegraph.co.uk,Female,108.204.57.161
425,Herve,Elton,heltonbs@theguardian.com,Male,214.114.96.146
426,Ilysa,Brosio,ibrosiobt@reddit.com,Female,135.202.124.86
427,Kania,Dearle,kdearlebu@multiply.com,Female,255.124.80.111
428,Layla,Edlyne,ledlynebv@scribd.com,Female,26.39.138.237
429,Alphard,Brooker,abrookerbw@sfgate.com,Male,129.23.128.124
430,Terrill,MacGilmartin,tmacgilmartinbx@comcast.net,Male,114.105.15.138
431,Chet,McDonnell,cmcdonnellby@cnbc.com,Male,224.226.161.247
432,Giraud,Velasquez,gvelasquezbz@tinyurl.com,Male,130.203.10.66
433,Nathaniel,Dillingston,ndillingstonc0@issuu.com,Male,118.195.103.143
434,Anselma,Rodenhurst,arodenhurstc1@acquirethisname.com,Female,94.223.115.231
435,Felic,Croughan,fcroughanc2@dot.gov,Male,65.47.198.123
436,Jody,Jackling,jjacklingc3@aboutads.info,Female,1.97.179.150
437,Morissa,Wise,mwisec4@globo.com,Female,171.251.108.107
438,Trisha,Lashford,tlashfordc5@wikia.com,Female,202.75.64.91
439,Huntley,MacAlroy,hmacalroyc6@sourceforge.net,Male,155.44.67.144
440,Nolan,Colecrough,ncolecroughc7@qq.com,Genderqueer,27.116.197.47
441,Felipa,Rilings,frilingsc8@shareasale.com,Female,183.46.244.254
442,Bartram,Tayloe,btayloec9@taobao.com,Male,67.161.164.233
443,Tori,Gorhardt,tgorhardtca@xrea.com,Genderfluid,146.204.151.75
444,Demetris,Chalcraft,dchalcraftcb@hao123.com,Female,239.121.86.91
445,Odelle,Giametti,ogiametticc@blog.com,Female,206.26.97.47
446,Becky,Matelaitis,bmatelaitiscd@example.com,Female,17.191.79.52
447,Elnore,Birchwood,ebirchwoodce@smugmug.com,Female,121.147.249.50
448,Donnajean,Marson,dmarsoncf@hubpages.com,Female,79.221.251.243
449,Kippie,Gidney,kgidneycg@bbb.org,Female,81.90.244.13
450,Jeana,Doe,jdoech@ovh.net,Female,91.54.221.163
451,Miner,Girardetti,mgirardettici@tinypic.com,Male,52.217.216.90
452,Larissa,Harford,lharfordcj@toplist.cz,Female,20.137.47.17
453,Talbot,Whellams,twhellamsck@census.gov,Male,49.190.233.2
454,Coriss,Elcox,celcoxcl@multiply.com,Female,96.248.126.83
455,Genvieve,Marguerite,gmargueritecm@wufoo.com,Female,165.113.34.246
456,Lowe,Sinncock,lsinncockcn@google.co.uk,Male,79.255.156.194
457,Sandra,Camlin,scamlinco@simplemachines.org,Female,202.5.49.213
458,Ric,Ellins,rellinscp@vistaprint.com,Male,34.206.66.123
459,Josiah,Trevett,jtrevettcq@chron.com,Male,167.26.109.166
460,Haze,Waldera,hwalderacr@cam.ac.uk,Male,197.48.249.196
461,Joellen,Sinden,jsindencs@dell.com,Female,141.23.31.200
462,Tova,Antoney,tantoneyct@github.com,Genderqueer,121.198.162.63
463,Emlyn,Gildersleeve,egildersleevecu@vinaora.com,Female,173.71.187.131
464,Marty,Doyle,mdoylecv@adobe.com,Female,166.92.237.94
465,Leesa,Forseith,lforseithcw@webnode.com,Female,154.88.136.68
466,West,Clair,wclaircx@elpais.com,Male,121.214.195.230
467,Maire,Rowbrey,mrowbreycy@addthis.com,Female,226.61.211.68
468,Emera,Kierans,ekieranscz@webmd.com,Female,95.227.54.88
469,Nan,Hurn,nhurnd0@yahoo.com,Female,219.177.154.12
470,Roxie,Jouhning,rjouhningd1@bandcamp.com,Female,74.136.240.114
471,Virgil,Jarrett,vjarrettd2@myspace.com,Male,253.7.137.186
472,Ernest,Caress,ecaressd3@answers.com,Male,147.226.148.64
473,Thorpe,Edgeon,tedgeond4@wufoo.com,Male,58.94.79.150
474,Sebastien,House,shoused5@networkadvertising.org,Male,208.196.105.56
475,Evonne,Cavy,ecavyd6@tamu.edu,Female,112.114.39.86
476,Rudolph,Hearthfield,rhearthfieldd7@vistaprint.com,Male,38.217.76.158
477,Lexy,Marham,lmarhamd8@shareasale.com,Female,214.196.76.179
478,Romy,Aldcorn,raldcornd9@merriam-webster.com,Female,176.98.177.225
479,Annalise,Gallemore,agallemoreda@google.nl,Genderqueer,217.81.116.55
480,Bondy,Castelain,bcastelaindb@wix.com,Male,125.86.112.190
481,Darice,Strodder,dstrodderdc@economist.com,Female,8.179.12.198
482,Salli,Lyptrade,slyptradedd@hhs.gov,Female,28.218.129.221
483,Darla,Rizziello,drizziellode@skyrock.com,Female,143.243.102.57
484,Kania,Setterthwait,ksetterthwaitdf@unesco.org,Female,255.172.19.76
485,Mayne,Geekie,mgeekiedg@imgur.com,Male,209.172.74.5
486,Tiebout,Pendle,tpendledh@businesswire.com,Male,7.181.199.120
487,Dicky,Dederick,ddederickdi@economist.com,Male,97.212.26.12
488,Vitia,Bougen,vbougendj@sitemeter.com,Female,71.22.8.194
489,Karim,Bliben,kblibendk@indiegogo.com,Male,31.209.34.230
490,Phelia,Verner,pvernerdl@tripadvisor.com,Female,153.13.55.133
491,Kiel,Rawle,krawledm@cam.ac.uk,Male,156.28.166.222
492,Adriane,Brockley,abrockleydn@springer.com,Agender,114.234.59.52
493,Ketty,Bartod,kbartoddo@youtu.be,Female,88.241.81.211
494,Tuck,Loker,tlokerdp@virginia.edu,Male,224.186.78.135
495,Corabel,Van Eeden,cvaneedendq@rakuten.co.jp,Bigender,63.63.102.150
496,Karon,McWhirter,kmcwhirterdr@e-recht24.de,Female,137.143.121.212
497,Arny,Kann,akannds@yellowpages.com,Male,233.112.76.155
498,Christiano,Bythway,cbythwaydt@pagesperso-orange.fr,Male,225.122.156.5
499,Jerrilee,Starte,jstartedu@bravesites.com,Female,183.71.85.209
500,Orin,Baylie,obayliedv@wsj.com,Male,222.108.249.68
501,Thaine,Ibbotson,tibbotsondw@spiegel.de,Male,104.173.57.205
502,Tripp,Lambourne,tlambournedx@cdbaby.com,Male,129.141.33.76
503,Amye,Aird,aairddy@discovery.com,Female,196.72.58.115
504,Bonnee,Dunderdale,bdunderdaledz@weibo.com,Bigender,149.181.13.146
505,Clea,Frany,cfranye0@geocities.com,Female,193.87.58.231
506,Ced,Ellerker,cellerkere1@mtv.com,Male,170.121.226.224
507,Padraic,Stollhofer,pstollhofere2@amazon.co.jp,Male,234.155.42.164
508,Knox,Collick,kcollicke3@bloomberg.com,Genderqueer,192.70.26.58
509,Wiatt,Giorgielli,wgiorgiellie4@wordpress.org,Male,72.158.90.169
510,Evey,Evison,eevisone5@tamu.edu,Female,34.94.196.101
511,Jeno,Aird,jairde6@tripod.com,Male,36.55.31.182
512,Amandy,Witnall,awitnalle7@ibm.com,Female,198.214.4.87
513,Finley,Scandroot,fscandroote8@surveymonkey.com,Male,41.78.207.9
514,Bree,Kleanthous,bkleanthouse9@skype.com,Female,110.132.204.172
515,Ibbie,Ramm,irammea@bluehost.com,Female,182.229.72.243
516,Randy,Tilne,rtilneeb@hibu.com,Male,122.128.222.176
517,Guntar,Duer,gduerec@uol.com.br,Male,101.250.156.228
518,Norton,McKinnell,nmckinnelled@exblog.jp,Non-binary,251.68.168.206
519,Merrel,Rahill,mrahillee@elpais.com,Genderfluid,160.84.149.128
520,Teodor,Robarts,trobartsef@livejournal.com,Male,125.195.55.10
521,Parsifal,Raisher,praishereg@weebly.com,Male,168.155.53.218
522,Ravi,Dovington,rdovingtoneh@nbcnews.com,Male,67.243.171.22
523,Elvira,Oby,eobyei@jimdo.com,Female,181.147.79.26
524,Kippie,Tripony,ktriponyej@msu.edu,Male,228.241.80.143
525,Shaylyn,Manifold,smanifoldek@amazon.co.uk,Female,224.60.37.169
526,Thibaut,Gommes,tgommesel@vinaora.com,Male,127.197.111.9
527,Parsifal,Bernardos,pbernardosem@hc360.com,Male,118.151.77.110
528,Lawrence,Bambra,lbambraen@amazon.de,Male,214.160.75.229
529,Ave,Mizen,amizeneo@tiny.cc,Male,18.135.110.253
530,Natalina,Draysey,ndrayseyep@istockphoto.com,Female,74.8.139.182
531,Moselle,Meharry,mmeharryeq@slideshare.net,Female,29.125.243.182
532,Carrie,Hartzenberg,chartzenberger@cargocollective.com,Female,48.131.142.249
533,Gayler,Souness,gsounesses@google.com.au,Male,7.248.20.27
534,Dietrich,Lawman,dlawmanet@people.com.cn,Male,224.26.167.127
535,Curt,Flemming,cflemmingeu@drupal.org,Male,190.48.95.210
536,Iago,Clarke,iclarkeev@geocities.jp,Male,5.161.92.126
537,Gasparo,Chrestien,gchrestienew@naver.com,Male,254.1.200.239
538,Christopher,Glader,cgladerex@nba.com,Male,165.188.233.159
539,Boony,McGlew,bmcglewey@technorati.com,Male,89.34.150.217
540,Rockey,Rosgen,rrosgenez@japanpost.jp,Agender,243.113.248.35
541,Maurise,Varley,mvarleyf0@patch.com,Male,82.193.143.125
542,Kissee,Churching,kchurchingf1@ucla.edu,Female,15.207.189.79
543,Tallie,Lound,tloundf2@friendfeed.com,Female,220.184.80.174
544,Levey,Trayte,ltraytef3@cmu.edu,Male,237.208.17.8
545,Buckie,Stratley,bstratleyf4@wisc.edu,Male,180.136.130.58
546,Nadya,Skeggs,nskeggsf5@stumbleupon.com,Female,232.170.124.41
547,Moyra,Landman,mlandmanf6@vkontakte.ru,Female,184.66.136.149
548,Clea,Birkhead,cbirkheadf7@apple.com,Female,10.76.120.30
549,Aubrey,McCarrick,amccarrickf8@shutterfly.com,Female,29.194.139.92
550,Brandise,Sandever,bsandeverf9@nbcnews.com,Female,3.39.207.196
551,Amandy,Keirle,akeirlefa@myspace.com,Female,153.129.123.135
552,Chalmers,Worboy,cworboyfb@yahoo.com,Male,61.234.148.238
553,Nikoletta,Haveline,nhavelinefc@ning.com,Female,34.128.150.244
554,Vinita,Gibbonson,vgibbonsonfd@cafepress.com,Female,72.170.240.92
555,Lilly,Mitham,lmithamfe@tinyurl.com,Female,244.237.45.195
556,Patrice,Wiggington,pwiggingtonff@biglobe.ne.jp,Female,114.106.150.84
557,Seline,Ricard,sricardfg@jigsy.com,Female,233.187.62.2
558,Chryste,Ludford,cludfordfh@edublogs.org,Female,252.94.150.207
559,Devonne,Croshaw,dcroshawfi@rediff.com,Female,177.228.57.190
560,Heddi,Aneley,haneleyfj@simplemachines.org,Female,48.56.104.12
561,Antons,Pratt,aprattfk@guardian.co.uk,Polygender,167.229.175.85
562,Corby,Barnet,cbarnetfl@csmonitor.com,Male,189.50.149.137
563,Ofilia,Mazzey,omazzeyfm@unc.edu,Female,136.208.188.53
564,Roobbie,McAlinden,rmcalindenfn@cbslocal.com,Female,101.205.160.225
565,Ethelred,Gloves,eglovesfo@de.vu,Male,231.18.131.64
566,Corrinne,Farrens,cfarrensfp@behance.net,Female,200.209.248.243
567,Willi,Robroe,wrobroefq@fda.gov,Female,122.198.15.212
568,Courtney,Milson,cmilsonfr@photobucket.com,Female,53.242.6.250
569,Giles,Orbine,gorbinefs@ibm.com,Male,22.196.187.40
570,Otis,Cock,ocockft@blinklist.com,Male,46.178.242.48
571,Tony,Baguley,tbaguleyfu@networkadvertising.org,Bigender,66.251.50.46
572,Cindie,Petti,cpettifv@elpais.com,Female,164.156.217.129
573,Patrice,Adame,padamefw@un.org,Female,253.54.30.209
574,Berkeley,Jayes,bjayesfx@bloglovin.com,Male,63.138.84.166
575,Prince,Jentet,pjentetfy@cpanel.net,Male,83.204.109.255
576,Carolan,Bastow,cbastowfz@webnode.com,Genderfluid,217.31.237.119
577,Walsh,Lettson,wlettsong0@feedburner.com,Male,104.43.57.68
578,Kameko,Glyssanne,kglyssanneg1@nature.com,Female,150.189.194.155
579,Guinna,Kensy,gkensyg2@nationalgeographic.com,Bigender,38.4.192.173
580,Lorie,Cleaveland,lcleavelandg3@wp.com,Female,144.143.237.6
581,Ema,Latchford,elatchfordg4@arstechnica.com,Female,170.248.208.66
582,Damon,Spelman,dspelmang5@oracle.com,Male,9.215.162.103
583,Jeromy,Wandrack,jwandrackg6@ucsd.edu,Male,155.87.1.137
584,Dorita,Stenning,dstenningg7@symantec.com,Female,149.68.114.39
585,Darla,Forsdike,dforsdikeg8@joomla.org,Female,194.198.197.143
586,Nicki,Pagan,npagang9@abc.net.au,Female,173.227.217.26
587,Timmy,Whitham,twhithamga@nydailynews.com,Male,34.237.255.99
588,Byrle,Garbutt,bgarbuttgb@edublogs.org,Male,240.163.46.119
589,Demetra,Silcocks,dsilcocksgc@photobucket.com,Female,73.23.201.43
590,Terry,Fero,tferogd@sphinn.com,Male,14.59.208.104
591,Andy,Ferreras,aferrerasge@qq.com,Male,10.51.62.64
592,Valentino,Parrott,vparrottgf@php.net,Male,65.205.180.111
593,Dion,O'Fairy,dofairygg@gravatar.com,Male,160.122.18.69
594,Renee,Flockhart,rflockhartgh@nasa.gov,Female,70.198.37.146
595,Nathaniel,Vasovic,nvasovicgi@alibaba.com,Genderfluid,131.72.129.124
596,Corbin,Clinton,cclintongj@latimes.com,Male,210.36.118.3
597,Adler,Batterham,abatterhamgk@wikispaces.com,Male,154.60.10.65
598,Fancy,Kerner,fkernergl@ow.ly,Female,30.208.26.166
599,Carmelia,Havers,chaversgm@answers.com,Female,255.135.138.39
600,Mac,Langelaan,mlangelaangn@mozilla.org,Male,131.193.126.193
601,Lonnard,Dallemore,ldallemorego@devhub.com,Male,0.58.93.229
602,Peder,Couper,pcoupergp@dailymotion.com,Male,218.78.188.122
603,Tallou,Cazin,tcazingq@nifty.com,Female,48.58.121.115
604,Collen,Shugg,cshugggr@bbb.org,Bigender,131.209.176.200
605,Cristobal,Physick,cphysickgs@deliciousdays.com,Male,119.89.110.82
606,Johny,Laidel,jlaidelgt@examiner.com,Male,116.255.27.78
607,Joanna,Cahalin,jcahalingu@qq.com,Female,95.185.6.129
608,Rhiamon,Hentzeler,rhentzelergv@last.fm,Female,145.172.84.149
609,Myles,Huxter,mhuxtergw@jalbum.net,Male,44.13.110.19
610,Grange,McGaraghan,gmcgaraghangx@shareasale.com,Male,214.5.160.104
611,Kirk,Mallya,kmallyagy@drupal.org,Male,10.253.0.12
612,Duke,Achromov,dachromovgz@washington.edu,Male,225.40.222.50
613,Bernhard,Mabbott,bmabbotth0@businessinsider.com,Male,217.196.135.223
614,Eal,Kornousek,ekornousekh1@sun.com,Male,150.19.245.241
615,Veradis,Gorbell,vgorbellh2@creativecommons.org,Female,228.122.153.9
616,Jasun,Broseman,jbrosemanh3@photobucket.com,Male,251.31.137.110
617,Kylie,Bradbury,kbradburyh4@sourceforge.net,Male,65.95.227.91
618,Spense,Myrkus,smyrkush5@mysql.com,Male,80.238.148.96
619,Maudie,Narup,mnaruph6@techcrunch.com,Female,109.235.12.143
620,Alana,Ebbs,aebbsh7@ezinearticles.com,Female,152.135.240.195
621,Adrianna,Hilland,ahillandh8@hexun.com,Genderfluid,115.244.90.127
622,Grover,Callender,gcallenderh9@about.com,Male,136.50.238.21
623,Bill,Footer,bfooterha@google.com.br,Female,63.191.179.35
624,Marianna,Rozenbaum,mrozenbaumhb@typepad.com,Female,122.175.134.213
625,Cordey,Fattori,cfattorihc@meetup.com,Female,158.248.241.211
626,Euell,Dearlove,edearlovehd@cnet.com,Male,59.31.56.190
627,Abramo,Ponter,aponterhe@ted.com,Non-binary,96.201.70.18
628,Charlene,Demanche,cdemanchehf@ucoz.com,Female,60.250.38.204
629,Katha,Borthwick,kborthwickhg@ibm.com,Female,41.114.168.245
630,Mehetabel,Moralis,mmoralishh@delicious.com,Female,104.191.209.102
631,Thadeus,Cheer,tcheerhi@fastcompany.com,Male,35.226.107.241
632,Chrissy,Beaves,cbeaveshj@ning.com,Male,171.112.204.101
633,Madeline,Vina,mvinahk@ftc.gov,Female,249.15.223.134
634,Josiah,Bareham,jbarehamhl@nba.com,Male,152.33.182.115
635,Terrence,Goodsall,tgoodsallhm@ihg.com,Male,249.207.13.254
636,Ilsa,Avramovic,iavramovichn@meetup.com,Female,69.119.198.250
637,Wolfie,Jovicic,wjovicicho@techcrunch.com,Male,139.54.122.146
638,Blakelee,Gomm,bgommhp@cbc.ca,Female,122.1.66.3
639,Jamaal,Paaso,jpaasohq@diigo.com,Genderqueer,189.61.7.136
640,Idette,Arndell,iarndellhr@networkadvertising.org,Female,127.189.135.94
641,Shelia,Mordanti,smordantihs@cocolog-nifty.com,Female,214.15.135.42
642,Esmeralda,Kibby,ekibbyht@shutterfly.com,Female,82.93.23.28
643,Corrianne,Somerset,csomersethu@washington.edu,Female,253.0.255.50
644,Alice,Searles,asearleshv@prnewswire.com,Female,44.95.99.7
645,Katrina,Clowsley,kclowsleyhw@dell.com,Female,94.143.102.133
646,Morganica,Habens,mhabenshx@chronoengine.com,Female,225.178.134.183
647,Carver,Warrior,cwarriorhy@networksolutions.com,Male,132.199.222.192
648,Penelope,Cumbers,pcumbershz@w3.org,Female,24.165.214.51
649,Jessy,Guilloux,jguillouxi0@china.com.cn,Female,133.113.121.33
650,Brianne,Fanner,bfanneri1@google.co.jp,Female,42.230.243.147
651,Averil,Stower,astoweri2@weibo.com,Male,148.112.154.242
652,Rayna,Polglaze,rpolglazei3@senate.gov,Female,92.125.176.15
653,Alonso,Fattorini,afattorinii4@mediafire.com,Male,45.174.54.33
654,Codi,Baggarley,cbaggarleyi5@photobucket.com,Male,204.74.55.181
655,Lara,Vondrak,lvondraki6@github.com,Female,252.116.89.164
656,Oswell,Armstead,oarmsteadi7@mac.com,Male,155.102.238.145
657,Alexander,Tuxsell,atuxselli8@mediafire.com,Male,208.75.9.12
658,Kathye,Samples,ksamplesi9@vk.com,Female,46.72.11.219
659,Jecho,Arkle,jarkleia@biglobe.ne.jp,Male,29.121.255.22
660,Vinny,Coule,vcouleib@state.tx.us,Female,177.115.125.73
661,Harcourt,Mendel,hmendelic@cdc.gov,Male,160.218.218.89
662,Chere,Cossell,ccossellid@gnu.org,Female,189.82.156.185
663,Cullie,Basezzi,cbasezziie@sphinn.com,Male,86.123.221.12
664,Eva,Ornelas,eornelasif@last.fm,Female,109.221.79.17
665,Rudolph,Durbin,rdurbinig@ebay.com,Male,62.72.240.170
666,Ronny,Kavanagh,rkavanaghih@sciencedirect.com,Male,11.97.246.109
667,Corry,Velten,cveltenii@cdc.gov,Female,145.225.194.129
668,Nonna,Jeske,njeskeij@acquirethisname.com,Female,44.243.48.94
669,Tabb,St. Aubyn,tstaubynik@marketwatch.com,Male,127.203.41.182
670,Jobey,Pascow,jpascowil@google.com.au,Female,86.50.214.120
671,Derward,Spall,dspallim@nature.com,Male,73.98.129.251
672,Viviyan,Devanney,vdevanneyin@squidoo.com,Female,157.78.77.126
673,Joyan,Stedman,jstedmanio@webnode.com,Female,226.158.50.236
674,Bertine,Gosby,bgosbyip@fema.gov,Non-binary,184.58.120.254
675,Haslett,Mirralls,hmirrallsiq@google.co.jp,Male,112.14.207.55
676,Sigfrid,Lodovichi,slodovichiir@wikipedia.org,Male,172.122.196.252
677,Rania,Siddens,rsiddensis@cnet.com,Female,0.32.202.28
678,Keslie,Crowdace,kcrowdaceit@pen.io,Female,186.158.90.34
679,Alanson,Keppy,akeppyiu@networkadvertising.org,Male,54.25.247.165
680,Gardie,Spyer,gspyeriv@samsung.com,Male,211.134.241.156
681,Blanch,Scard,bscardiw@hugedomains.com,Female,85.159.120.69
682,Lenora,Birkmyre,lbirkmyreix@fda.gov,Female,237.29.195.45
683,Ardelle,Stolting,astoltingiy@issuu.com,Female,150.217.15.205
684,Matthieu,Missington,mmissingtoniz@google.ca,Male,138.198.124.222
685,Findlay,Lambell,flambellj0@telegraph.co.uk,Male,12.215.117.11
686,Kiele,Tombleson,ktomblesonj1@bandcamp.com,Female,180.193.142.83
687,Tann,Aggus,taggusj2@blogspot.com,Male,56.213.104.78
688,Desirae,Copeland,dcopelandj3@eepurl.com,Female,235.112.148.174
689,Gustaf,Klugel,gklugelj4@engadget.com,Male,84.161.154.99
690,Irving,Northcote,inorthcotej5@qq.com,Male,252.246.134.200
691,Solomon,Brahams,sbrahamsj6@goo.gl,Male,152.73.197.117
692,Phylis,Spacey,pspaceyj7@marketwatch.com,Female,168.11.117.67
693,Ashil,Maccrea,amaccreaj8@nba.com,Female,198.42.216.25
694,Deloria,Gonnet,dgonnetj9@goo.ne.jp,Genderfluid,37.207.43.68
695,Alonzo,Lillee,alilleeja@seesaa.net,Male,241.100.179.172
696,Eustace,Andreotti,eandreottijb@thetimes.co.uk,Male,159.192.174.30
697,Christophorus,Vicker,cvickerjc@bbb.org,Male,204.127.127.176
698,Sharlene,Shucksmith,sshucksmithjd@ustream.tv,Female,223.34.203.172
699,Mead,Stit,mstitje@ask.com,Female,85.110.38.200
700,Fran,Skip,fskipjf@timesonline.co.uk,Male,180.219.102.147
701,Agustin,Frankom,afrankomjg@google.nl,Male,48.147.99.16
702,Osbourne,Geekie,ogeekiejh@miibeian.gov.cn,Male,127.152.45.159
703,Mischa,Hedditch,mhedditchji@cocolog-nifty.com,Male,124.176.46.155
704,Melantha,Overington,moveringtonjj@wix.com,Female,1.68.230.28
705,Nicolai,Devitt,ndevittjk@nifty.com,Male,107.66.21.232
706,Ernie,Balchin,ebalchinjl@slideshare.net,Non-binary,98.89.166.102
707,Maxwell,Whight,mwhightjm@auda.org.au,Male,135.122.23.24
708,Buck,Geere,bgeerejn@scribd.com,Male,32.249.107.76
709,Gianna,Clow,gclowjo@furl.net,Female,212.119.188.3
710,Floria,Kneeland,fkneelandjp@guardian.co.uk,Female,3.221.121.210
711,Jenine,Shann,jshannjq@boston.com,Female,121.48.246.174
712,Benjy,Strase,bstrasejr@newsvine.com,Male,54.191.241.132
713,Giustina,Jacox,gjacoxjs@pagesperso-orange.fr,Female,126.96.67.19
714,Edgard,Lucock,elucockjt@ustream.tv,Male,204.78.252.41
715,Andriette,Birdwhistell,abirdwhistellju@toplist.cz,Female,42.3.237.155
716,Onofredo,Jori,ojorijv@tumblr.com,Male,32.42.164.225
717,Jeromy,Osbidston,josbidstonjw@altervista.org,Polygender,227.231.98.100
718,Rosanne,Swanbourne,rswanbournejx@harvard.edu,Female,237.251.174.89
719,Lynde,Cud,lcudjy@ezinearticles.com,Female,67.41.238.64
720,Creigh,Titlow,ctitlowjz@dedecms.com,Male,199.17.172.37
721,Liz,Demicoli,ldemicolik0@tripod.com,Female,103.121.225.186
722,Todd,Bosher,tbosherk1@hugedomains.com,Male,250.206.69.189
723,Horten,Bentsen,hbentsenk2@dropbox.com,Male,71.181.198.168
724,Lyndy,Chrismas,lchrismask3@jimdo.com,Female,141.129.15.116
725,Mable,Cheng,mchengk4@sciencedaily.com,Female,246.210.130.140
726,Kennie,Ells,kellsk5@reference.com,Male,112.238.31.240
727,Gayel,Espinho,gespinhok6@google.nl,Female,85.34.2.148
728,Calv,Shera,csherak7@paginegialle.it,Male,164.1.121.204
729,Guthrey,Petti,gpettik8@shareasale.com,Male,76.216.119.32
730,Starlin,Marr,smarrk9@nyu.edu,Female,173.229.87.103
731,Miran,Gai,mgaika@auda.org.au,Female,170.184.60.221
732,Graehme,Anyene,ganyenekb@live.com,Male,32.92.184.69
733,Georgette,Dixsee,gdixseekc@so-net.ne.jp,Female,173.234.26.113
734,Carlie,Bugden,cbugdenkd@mysql.com,Male,127.141.194.55
735,Annabal,Bendle,abendleke@com.com,Female,78.153.111.100
736,Linnea,Furminger,lfurmingerkf@creativecommons.org,Female,3.123.162.125
737,Yardley,Gamwell,ygamwellkg@sphinn.com,Male,188.160.216.129
738,Ruthanne,Sikorsky,rsikorskykh@prlog.org,Female,120.162.163.128
739,Jim,Ruit,jruitki@apple.com,Male,9.177.125.10
740,Julie,Simkin,jsimkinkj@businesswire.com,Male,126.205.133.102
741,Melosa,Lemmers,mlemmerskk@lycos.com,Female,96.240.23.14
742,Rudy,Judkin,rjudkinkl@exblog.jp,Male,199.172.77.155
743,Haskell,Stollery,hstollerykm@indiegogo.com,Male,97.183.165.105
744,Vincenty,Kempton,vkemptonkn@trellian.com,Male,101.153.78.221
745,Elisabet,McNabb,emcnabbko@vinaora.com,Female,18.63.46.94
746,Brook,Yakob,byakobkp@ca.gov,Male,233.197.252.157
747,Halsy,Croneen,hcroneenkq@google.ru,Male,84.237.153.188
748,Karola,Fosken,kfoskenkr@163.com,Female,169.139.21.249
749,Zeke,Coldicott,zcoldicottks@tripadvisor.com,Male,245.189.22.196
750,Felicio,Schwieso,fschwiesokt@yolasite.com,Male,82.54.53.13
751,Brittan,Easey,beaseyku@chronoengine.com,Female,22.211.16.55
752,Cherlyn,Beal,cbealkv@mozilla.com,Female,74.153.14.250
753,Davine,Harman,dharmankw@nbcnews.com,Female,8.25.161.83
754,Sue,Croizier,scroizierkx@springer.com,Female,178.200.43.218
755,Creighton,Lumby,clumbyky@nature.com,Male,110.136.178.114
756,Ashlen,Crichton,acrichtonkz@marriott.com,Female,127.161.148.147
757,Kurtis,Wanek,kwanekl0@utexas.edu,Male,171.220.181.45
758,Bryn,O'Carran,bocarranl1@a8.net,Male,139.124.77.168
759,Gui,Brezlaw,gbrezlawl2@sfgate.com,Female,196.243.48.108
760,Xylia,Garmans,xgarmansl3@histats.com,Female,188.118.165.71
761,Lilla,Sevier,lsevierl4@google.com.au,Female,104.165.71.179
762,Debora,Sustin,dsustinl5@google.fr,Female,117.72.223.4
763,Lyndsay,O'Hern,lohernl6@tamu.edu,Female,187.24.221.137
764,Robb,Dake,rdakel7@sohu.com,Bigender,103.191.203.43
765,Jori,Ding,jdingl8@dot.gov,Female,12.217.61.148
766,Tedmund,Benthall,tbenthalll9@github.io,Male,105.138.85.161
767,Andras,Mahaffey,amahaffeyla@yellowbook.com,Male,11.18.163.165
768,Saree,Spellman,sspellmanlb@vk.com,Female,162.22.206.162
769,Kara-lynn,Tear,ktearlc@typepad.com,Female,137.20.1.74
770,Paco,Pashen,ppashenld@shutterfly.com,Male,199.71.234.9
771,Bret,Symones,bsymonesle@liveinternet.ru,Male,114.124.203.246
772,Julie,McLanaghan,jmclanaghanlf@amazon.co.uk,Male,210.201.52.124
773,Carlene,Hobgen,chobgenlg@vistaprint.com,Female,114.191.116.49
774,Bobbie,Hirtzmann,bhirtzmannlh@paypal.com,Female,122.128.188.201
775,Francesco,McQuie,fmcquieli@g.co,Male,134.245.11.224
776,Berti,Giametti,bgiamettilj@ycombinator.com,Male,111.232.203.112
777,Pren,Bulger,pbulgerlk@ehow.com,Male,84.246.240.188
778,Stirling,Bircher,sbircherll@discovery.com,Male,63.224.234.162
779,Roosevelt,Witheford,rwithefordlm@hp.com,Male,74.54.228.57
780,Erik,Wind,ewindln@360.cn,Male,5.169.63.159
781,Beck,Townley,btownleylo@imdb.com,Male,221.144.24.16
782,Quinn,Darycott,qdarycottlp@netvibes.com,Genderfluid,165.165.113.74
783,Rorke,Warkup,rwarkuplq@vimeo.com,Male,81.24.146.193
784,Rossy,Maylour,rmaylourlr@wikipedia.org,Male,202.88.72.218
785,Johnathan,Breming,jbremingls@163.com,Male,108.189.219.251
786,Elliott,Checcuzzi,echeccuzzilt@unc.edu,Male,194.167.52.234
787,Sherman,Evamy,sevamylu@rambler.ru,Male,198.179.119.27
788,Brodie,Atwel,batwellv@joomla.org,Male,145.198.111.14
789,Kerianne,Starmore,kstarmorelw@webeden.co.uk,Female,129.228.215.10
790,Udall,Kennermann,ukennermannlx@google.ca,Male,232.119.252.190
791,Lucy,Campos,lcamposly@ucla.edu,Female,208.233.175.162
792,Toma,Kehri,tkehrilz@bbc.co.uk,Female,55.192.42.161
793,Ida,Fitch,ifitchm0@desdev.cn,Female,54.135.127.63
794,Everard,Pehrsson,epehrssonm1@arstechnica.com,Male,227.210.136.40
795,Lexie,Beany,lbeanym2@bravesites.com,Female,28.152.224.157
796,Phedra,Berthelmot,pberthelmotm3@chron.com,Female,242.197.238.238
797,Johnathan,Gamlyn,jgamlynm4@taobao.com,Male,122.166.253.124
798,Isabelita,Van der Brug,ivanderbrugm5@plala.or.jp,Bigender,137.153.191.131
799,Filia,Dwyer,fdwyerm6@surveymonkey.com,Female,152.159.74.73
800,Gabriel,Swetenham,gswetenhamm7@jimdo.com,Male,24.5.126.251
801,Cassandre,Manford,cmanfordm8@upenn.edu,Female,247.157.193.71
802,Maggie,Sowrah,msowrahm9@cafepress.com,Female,147.249.61.204
803,Reilly,FitzGeorge,rfitzgeorgema@hibu.com,Male,75.101.184.2
804,Madelin,Askem,maskemmb@icio.us,Non-binary,255.212.143.227
805,Pammy,Greensitt,pgreensittmc@sfgate.com,Female,242.101.204.117
806,Kendell,Easom,keasommd@reddit.com,Male,7.235.118.188
807,Elston,Pollack,epollackme@slate.com,Male,165.4.84.56
808,Pacorro,Phette,pphettemf@example.com,Male,30.234.21.253
809,Devonna,Dall,ddallmg@umich.edu,Female,106.35.109.214
810,Rafa,Pisco,rpiscomh@biblegateway.com,Female,69.227.13.117
811,Dyann,Arnefield,darnefieldmi@themeforest.net,Female,219.186.45.24
812,Ethelind,Cackett,ecackettmj@macromedia.com,Female,75.118.102.236
813,Skelly,Balsdone,sbalsdonemk@liveinternet.ru,Male,45.161.177.241
814,Stavros,Mathiasen,smathiasenml@webeden.co.uk,Male,122.246.107.122
815,Lilli,Bills,lbillsmm@mashable.com,Genderfluid,211.95.199.4
816,Stanton,Houseley,shouseleymn@xing.com,Male,50.68.141.178
817,Bonny,Harse,bharsemo@4shared.com,Female,242.188.139.140
818,Georgianna,Skeene,gskeenemp@time.com,Female,165.166.111.35
819,Dev,Episcopi,depiscopimq@indiegogo.com,Male,132.38.64.69
820,Hillyer,Ritchie,hritchiemr@google.de,Male,101.122.245.218
821,Roldan,Scrammage,rscrammagems@springer.com,Male,52.42.73.43
822,Gert,Alphonso,galphonsomt@chronoengine.com,Female,17.153.88.131
823,Maxim,Kubik,mkubikmu@a8.net,Male,197.136.10.24
824,Alfi,Pablos,apablosmv@senate.gov,Female,88.100.6.227
825,Sibylle,Nattrass,snattrassmw@twitpic.com,Female,179.176.183.28
826,Mellicent,Earney,mearneymx@quantcast.com,Female,215.132.225.32
827,Nonah,Ivanchin,nivanchinmy@posterous.com,Female,251.184.201.169
828,Davey,Reasce,dreascemz@youku.com,Non-binary,121.105.27.194
829,Gert,Storey,gstoreyn0@sun.com,Female,20.88.6.80
830,Leontine,Le Marquis,llemarquisn1@meetup.com,Female,111.37.231.236
831,Delmore,Shale,dshalen2@unicef.org,Male,83.52.98.200
832,Leonora,Recke,lrecken3@apache.org,Female,116.44.162.2
833,Sarette,Stilly,sstillyn4@theglobeandmail.com,Female,0.143.80.38
834,Annadiana,Gable,agablen5@is.gd,Female,144.147.142.106
835,Forester,Baylay,fbaylayn6@google.fr,Male,252.230.233.54
836,Kessia,McWhorter,kmcwhortern7@loc.gov,Female,95.100.237.201
837,Andreas,Bowskill,abowskilln8@engadget.com,Male,87.187.65.225
838,Andie,Spraberry,aspraberryn9@google.nl,Bigender,143.34.21.31
839,Denny,Amerighi,damerighina@yelp.com,Male,144.238.58.203
840,Lisette,Windibank,lwindibanknb@wix.com,Female,224.129.134.236
841,Lacee,Nutbeem,lnutbeemnc@yolasite.com,Polygender,80.68.11.236
842,Cassi,Triplow,ctriplownd@altervista.org,Female,97.207.233.107
843,Justinn,Bredbury,jbredburyne@google.nl,Female,107.231.130.0
844,Wallie,Hesser,whessernf@unc.edu,Female,135.241.103.145
845,Currey,Sowood,csowoodng@si.edu,Male,193.21.53.175
846,Glenna,Lobbe,globbenh@narod.ru,Female,172.209.226.39
847,Brit,Madgett,bmadgettni@zimbio.com,Female,60.213.38.152
848,Jolee,Worcs,jworcsnj@mozilla.org,Female,231.39.217.148
849,Carlynne,Edds,ceddsnk@adobe.com,Female,190.109.236.182
850,Caty,Gavrielly,cgavriellynl@vk.com,Female,246.141.35.45
851,Dennie,Vedenichev,dvedenichevnm@cdbaby.com,Polygender,9.255.98.50
852,Mal,Denzilow,mdenzilownn@storify.com,Male,46.66.154.56
853,Neils,Rue,nrueno@yellowpages.com,Male,46.233.14.195
854,Xenos,Sherebrook,xsherebrooknp@bravesites.com,Male,38.147.106.128
855,Tull,Cargo,tcargonq@t-online.de,Male,99.172.129.143
856,Hervey,Fintoph,hfintophnr@dailymail.co.uk,Male,29.98.146.118
857,Filberte,Bosher,fbosherns@pcworld.com,Bigender,171.129.154.95
858,Tatum,Mowsley,tmowsleynt@gizmodo.com,Female,202.19.99.66
859,Farand,Narducci,fnarduccinu@dedecms.com,Female,118.111.55.4
860,Marni,Stockhill,mstockhillnv@gov.uk,Female,111.67.230.137
861,Anallise,Bayston,abaystonnw@shop-pro.jp,Female,86.17.0.200
862,Gusti,Broggetti,gbroggettinx@tumblr.com,Genderqueer,9.247.115.31
863,Dick,Refford,dreffordny@earthlink.net,Male,204.44.192.213
864,Glynis,Inglese,ginglesenz@qq.com,Female,40.247.115.44
865,Farris,Warrell,fwarrello0@ebay.co.uk,Male,161.149.49.74
866,Berkeley,Ellesworth,belleswortho1@e-recht24.de,Male,98.31.68.168
867,Lilli,Charlot,lcharloto2@tripadvisor.com,Female,171.45.33.98
868,Roberto,Downham,rdownhamo3@ebay.co.uk,Male,213.170.14.150
869,Isabella,Furmage,ifurmageo4@ovh.net,Female,46.184.5.34
870,Trstram,Fishbourn,tfishbourno5@salon.com,Male,19.6.162.82
871,Felizio,Whelband,fwhelbando6@newsvine.com,Male,188.139.5.203
872,Marni,Genn,mgenno7@dailymail.co.uk,Female,30.133.207.160
873,Ardyce,Clulee,acluleeo8@salon.com,Female,100.55.234.61
874,Freddy,O' Culligan,foculligano9@sohu.com,Male,67.142.254.176
875,Abrahan,Willmot,awillmotoa@livejournal.com,Male,42.141.195.111
876,Jaymee,Ramm,jrammob@princeton.edu,Female,16.89.156.203
877,Gerrie,Murfett,gmurfettoc@gnu.org,Male,208.190.45.150
878,Hervey,Padly,hpadlyod@mail.ru,Genderqueer,151.180.244.40
879,Gibby,Idel,gideloe@123-reg.co.uk,Male,220.98.204.246
880,Jackie,Kruschov,jkruschovof@opera.com,Female,204.83.236.94
881,Cathrin,Plaid,cplaidog@sbwire.com,Female,91.250.141.239
882,Alexandre,Cockitt,acockittoh@opera.com,Male,239.57.244.120
883,Cazzie,Remnant,cremnantoi@netscape.com,Male,108.251.109.180
884,Aloin,Guidera,aguideraoj@behance.net,Male,38.51.11.94
885,Blane,Argrave,bargraveok@geocities.com,Male,9.234.125.253
886,Arnie,Glendzer,aglendzerol@hhs.gov,Agender,126.134.75.141
887,Zoe,Wikey,zwikeyom@constantcontact.com,Female,221.205.214.22
888,Hubert,MacNaughton,hmacnaughtonon@stumbleupon.com,Male,189.93.186.219
889,Robert,Oakes,roakesoo@admin.ch,Male,32.150.177.118
890,Daisy,Chatelet,dchateletop@skyrock.com,Female,170.119.136.192
891,Hanan,Klyner,hklyneroq@discuz.net,Male,17.240.187.218
892,Jessie,Althrop,jalthropor@ftc.gov,Female,0.105.11.54
893,Melissa,Tippler,mtippleros@gmpg.org,Female,28.200.98.167
894,Minnnie,Ouldred,mouldredot@barnesandnoble.com,Female,148.124.151.46
895,Averil,O'Kielt,aokieltou@europa.eu,Female,48.29.112.92
896,Arel,Faire,afaireov@guardian.co.uk,Male,105.211.45.205
897,Verine,Casa,vcasaow@walmart.com,Non-binary,254.57.11.63
898,Gabriel,MacTrustrie,gmactrustrieox@hp.com,Non-binary,96.254.109.92
899,Marlon,Odcroft,modcroftoy@sakura.ne.jp,Male,40.160.169.17
900,Muriel,Jaskowicz,mjaskowiczoz@pen.io,Female,126.34.186.112
901,Robin,Janic,rjanicp0@latimes.com,Male,225.123.85.112
902,Gunilla,Bryde,gbrydep1@addtoany.com,Female,51.138.113.18
903,Shaylah,Hinz,shinzp2@theguardian.com,Genderqueer,119.136.242.30
904,Pearle,Deville,pdevillep3@mit.edu,Female,81.148.151.162
905,Yuma,Sharkey,ysharkeyp4@redcross.org,Male,178.31.169.103
906,Sammy,Shutler,sshutlerp5@fema.gov,Female,189.204.110.132
907,Starlin,Stoeck,sstoeckp6@wordpress.com,Female,244.60.23.119
908,Jennee,Gorke,jgorkep7@blogs.com,Bigender,203.18.57.85
909,Fransisco,Kleen,fkleenp8@wikipedia.org,Male,225.57.184.197
910,Maury,Stoite,mstoitep9@epa.gov,Male,49.204.99.171
911,Ira,Jeffes,ijeffespa@prnewswire.com,Female,220.94.74.78
912,Markus,Oakland,moaklandpb@mapquest.com,Male,242.141.212.209
913,Adah,Ionesco,aionescopc@ted.com,Female,203.121.63.134
914,Ivan,Knevett,iknevettpd@yellowpages.com,Male,112.238.109.253
915,Roselia,Arnke,rarnkepe@zimbio.com,Female,109.16.145.229
916,Brady,Sammes,bsammespf@desdev.cn,Male,50.178.27.14
917,Jdavie,Deeming,jdeemingpg@squidoo.com,Male,176.155.215.130
918,Griffith,Losbie,glosbieph@oakley.com,Male,4.150.57.11
919,Angelita,Virgo,avirgopi@army.mil,Female,251.106.181.82
920,Byram,Lavalle,blavallepj@wikimedia.org,Male,237.241.16.137
921,Carly,MacEllen,cmacellenpk@skype.com,Female,67.232.92.6
922,Corinne,Burling,cburlingpl@gov.uk,Female,228.254.218.34
923,Kennith,Schenkel,kschenkelpm@tuttocitta.it,Male,238.21.205.196
924,Boycie,Ayscough,bayscoughpn@amazon.co.jp,Male,128.153.15.18
925,Haily,Pask,hpaskpo@free.fr,Female,177.12.244.185
926,Kimberlee,Dericut,kdericutpp@youtu.be,Female,26.241.146.116
927,Letitia,Bearblock,lbearblockpq@ebay.com,Female,142.10.76.213
928,Hamilton,McKomb,hmckombpr@tamu.edu,Male,43.140.78.64
929,Cullan,Beccero,cbeccerops@umn.edu,Male,60.49.201.63
930,Vail,Keeping,vkeepingpt@hatena.ne.jp,Male,203.112.231.48
931,Josias,Proughten,jproughtenpu@yelp.com,Male,14.87.221.228
932,Shandee,Petrashov,spetrashovpv@privacy.gov.au,Female,9.218.131.19
933,Randell,Lornsen,rlornsenpw@networkadvertising.org,Male,19.73.41.10
934,Kahlil,Trunchion,ktrunchionpx@prnewswire.com,Male,77.248.134.132
935,Cindy,Beecheno,cbeechenopy@smugmug.com,Female,151.171.76.215
936,Shelley,Carnell,scarnellpz@liveinternet.ru,Female,156.204.229.148
937,Merci,Lindup,mlindupq0@csmonitor.com,Female,188.183.30.253
938,Nahum,Lattka,nlattkaq1@businesswire.com,Male,155.65.202.44
939,Lianne,Newcom,lnewcomq2@senate.gov,Female,53.170.204.170
940,Flory,Folley,ffolleyq3@wufoo.com,Male,139.88.237.81
941,Haleigh,Lies,hliesq4@huffingtonpost.com,Male,60.5.44.99
942,Earvin,Pond-Jones,epondjonesq5@mapy.cz,Male,113.64.125.159
943,Carlina,Benkin,cbenkinq6@infoseek.co.jp,Bigender,19.50.26.19
944,Gunther,Kenrat,gkenratq7@4shared.com,Male,178.125.117.28
945,Angus,Hans,ahansq8@ox.ac.uk,Genderfluid,195.196.142.166
946,Brigitta,Plewes,bplewesq9@twitpic.com,Female,120.143.34.249
947,Linus,Goulston,lgoulstonqa@guardian.co.uk,Male,138.202.251.115
948,Matthieu,Watkins,mwatkinsqb@sun.com,Male,233.187.43.66
949,Lana,Stoneman,lstonemanqc@wikipedia.org,Female,7.27.188.72
950,Dorree,Duddan,dduddanqd@ezinearticles.com,Female,200.46.16.194
951,Dana,Batter,dbatterqe@stumbleupon.com,Male,154.159.49.46
952,Jamima,Braidwood,jbraidwoodqf@umn.edu,Female,235.45.57.26
953,Emilie,Heatley,eheatleyqg@newsvine.com,Female,36.213.134.66
954,Yancey,Owers,yowersqh@vinaora.com,Male,35.21.188.206
955,Saunder,Philo,sphiloqi@ucsd.edu,Male,144.239.226.219
956,Fleming,Dominichelli,fdominichelliqj@phpbb.com,Male,28.16.247.89
957,Harcourt,Ambrosi,hambrosiqk@dailymotion.com,Male,144.102.84.167
958,Codie,Noblet,cnobletql@va.gov,Male,98.177.178.16
959,Madella,Lownds,mlowndsqm@tinyurl.com,Female,240.38.81.240
960,Susana,Cabena,scabenaqn@zimbio.com,Female,11.104.198.234
961,Stormi,Sansbury,ssansburyqo@nifty.com,Female,178.103.234.31
962,Rosemary,Justham,rjusthamqp@barnesandnoble.com,Female,205.53.20.208
963,Marj,Couzens,mcouzensqq@github.com,Female,233.207.90.155
964,Elinor,Swanton,eswantonqr@scribd.com,Female,206.246.221.51
965,Godwin,Garlicke,ggarlickeqs@utexas.edu,Male,194.82.240.37
966,Sheila,Sawood,ssawoodqt@123-reg.co.uk,Female,251.193.183.116
967,Fenelia,Press,fpressqu@latimes.com,Female,100.223.105.6
968,Reggis,Sherrott,rsherrottqv@economist.com,Male,217.209.221.244
969,Hobey,Fairburn,hfairburnqw@t.co,Male,91.13.69.34
970,Olenolin,D'Cruze,odcruzeqx@shinystat.com,Male,197.1.235.107
971,Parker,Kilmary,pkilmaryqy@ed.gov,Male,4.175.169.40
972,Frieda,Seyers,fseyersqz@sakura.ne.jp,Female,23.197.204.234
973,Finley,Wimsett,fwimsettr0@ucla.edu,Male,239.35.215.229
974,Monte,Ladlow,mladlowr1@google.es,Male,49.89.122.3
975,Ursuline,Piddle,upiddler2@sphinn.com,Female,70.210.191.160
976,Danya,Harrower,dharrowerr3@zimbio.com,Male,130.145.199.22
977,Delila,Hessing,dhessingr4@gravatar.com,Genderfluid,85.126.142.143
978,Denys,Bayfield,dbayfieldr5@admin.ch,Male,109.90.161.153
979,Collette,Battin,cbattinr6@is.gd,Female,89.11.2.11
980,Pam,Nock,pnockr7@twitter.com,Female,218.226.165.216
981,Robinett,Sherwill,rsherwillr8@reverbnation.com,Female,22.122.41.6
982,Geraldine,Hedau,ghedaur9@google.com.br,Female,109.189.133.82
983,Gordie,Bonnick,gbonnickra@vkontakte.ru,Male,133.130.216.3
984,Bette-ann,Van De Cappelle,bvandecappellerb@typepad.com,Female,98.31.113.39
985,Modesta,Swanwick,mswanwickrc@nih.gov,Female,164.108.58.7
986,Vivian,Stannah,vstannahrd@jalbum.net,Female,15.141.112.156
987,Hebert,Collinson,hcollinsonre@delicious.com,Male,65.114.92.73
988,Marlow,Croose,mcrooserf@mlb.com,Male,235.47.146.165
989,Claudian,Beadnell,cbeadnellrg@hibu.com,Male,41.217.160.79
990,Kari,Rolfini,krolfinirh@vistaprint.com,Female,54.61.246.151
991,Alfreda,Insoll,ainsollri@barnesandnoble.com,Female,118.4.105.77
992,Neala,Cremins,ncreminsrj@alexa.com,Female,203.138.7.58
993,Eulalie,Files,efilesrk@mtv.com,Female,122.195.116.69
994,Rosabella,Govan,rgovanrl@gnu.org,Female,248.47.148.200
995,Monika,Iacomini,miacominirm@woothemes.com,Female,215.126.219.128
996,Grissel,Ten Broek,gtenbroekrn@trellian.com,Female,158.92.216.56
997,Lisetta,Avramchik,lavramchikro@taobao.com,Female,97.2.55.193
998,Kean,Hebron,khebronrp@sciencedaily.com,Male,32.73.146.151
999,Torrance,Rantoul,trantoulrq@china.com.cn,Male,42.187.1.211
1000,Pembroke,Mulkerrins,pmulkerrinsrr@webs.com,Male,11.73.112.117
